{"accuracy": [0.6676047444343567, 0.9578958749771118, 0.9800844192504883, 0.9870115518569946, 0.9914492964744568, 0.99491286277771, 0.9945881366729736, 0.9950211048126221, 0.9970775842666626, 0.9979435205459595, 0.9935057759284973, 0.9969693422317505, 0.9914492964744568, 0.9738066792488098, 0.9959952235221863, 0.9974023103713989], "loss": [1.0655282735824585, 0.12034209072589874, 0.0598597452044487, 0.03578466549515724, 0.023808395490050316, 0.015796806663274765, 0.013774415478110313, 0.013991991057991982, 0.01020636223256588, 0.006389143411070108, 0.017397137358784676, 0.009164692834019661, 0.0218373890966177, 0.13814307749271393, 0.013171665370464325, 0.007937010377645493], "val_accuracy": [0.5091130137443542, 0.8578372001647949, 0.9465370774269104, 0.939246654510498, 0.9647630453109741, 0.9647630453109741, 0.9817739725112915, 0.9805589318275452, 0.984204113483429, 0.9829890727996826, 0.9914945363998413, 0.9854192137718201, 0.944106936454773, 0.9550425410270691, 0.9854192137718201, 0.984204113483429], "val_loss": [6.974628448486328, 0.8818319439888, 0.14018072187900543, 0.2689928114414215, 0.09078440815210342, 0.0873645469546318, 0.04994527995586395, 0.04879014566540718, 0.04193265363574028, 0.06094830483198166, 0.024510957300662994, 0.041353724896907806, 0.5183674693107605, 6.792045593261719, 0.03303694352507591, 0.03503720834851265]}