{"accuracy": [0.8871089816093445, 0.9738066792488098, 0.987336277961731, 0.9913410544395447, 0.992423415184021, 0.9951293468475342, 0.9945881366729736, 0.9944798946380615, 0.9952375888824463, 0.9946963787078857, 0.9948046207427979, 0.9946963787078857, 0.99491286277771, 0.9954540729522705, 0.9945881366729736, 0.9952375888824463, 0.9953458309173584, 0.9948046207427979, 0.9945881366729736, 0.9948046207427979, 0.9959952235221863, 0.9948046207427979, 0.9950211048126221, 0.9954540729522705, 0.9950211048126221, 0.9946963787078857, 0.9952375888824463, 0.9954540729522705, 0.9953458309173584, 0.99491286277771, 0.9955623149871826, 0.9958869814872742, 0.9958869814872742, 0.9953458309173584, 0.9953458309173584, 0.9952375888824463, 0.9953458309173584], "loss": [0.2939973473548889, 0.09938721358776093, 0.059146031737327576, 0.04522094130516052, 0.03836045786738396, 0.03237651288509369, 0.03137211874127388, 0.030083848163485527, 0.02812335640192032, 0.029445922002196312, 0.02926815114915371, 0.029269924387335777, 0.027648216113448143, 0.027201339602470398, 0.02785821259021759, 0.02682085707783699, 0.026878722012043, 0.027347320690751076, 0.02829311415553093, 0.029241623356938362, 0.02751670777797699, 0.028360508382320404, 0.028419822454452515, 0.027638059109449387, 0.029394086450338364, 0.02884725295007229, 0.027506720274686813, 0.027955874800682068, 0.027433188632130623, 0.028260350227355957, 0.0259416401386261, 0.0270625501871109, 0.027914540842175484, 0.02803756855428219, 0.027199696749448776, 0.027586327865719795, 0.02862813137471676], "val_accuracy": [0.9416767954826355, 0.9550425410270691, 0.9647630453109741, 0.9635480046272278, 0.9720534682273865, 0.9732685089111328, 0.9732685089111328, 0.9732685089111328, 0.9744836091995239, 0.9732685089111328, 0.9744836091995239, 0.9744836091995239, 0.9744836091995239, 0.9744836091995239, 0.9744836091995239, 0.9756986498832703, 0.9744836091995239, 0.9744836091995239, 0.9744836091995239, 0.9744836091995239, 0.9744836091995239, 0.9744836091995239, 0.9744836091995239, 0.9744836091995239, 0.9744836091995239, 0.9744836091995239, 0.9744836091995239, 0.9744836091995239, 0.9744836091995239, 0.9744836091995239, 0.9744836091995239, 0.9744836091995239, 0.9744836091995239, 0.9744836091995239, 0.9744836091995239, 0.9744836091995239, 0.9744836091995239], "val_loss": [0.18693725764751434, 0.1420995444059372, 0.10273593664169312, 0.10168315470218658, 0.08457987010478973, 0.0849229097366333, 0.08608254790306091, 0.07732036709785461, 0.07694096118211746, 0.07628799974918365, 0.07544973492622375, 0.07529851794242859, 0.07521355897188187, 0.0750289037823677, 0.07487714290618896, 0.07486241310834885, 0.0746646299958229, 0.07471323013305664, 0.07469388842582703, 0.07473476231098175, 0.07475019246339798, 0.07475505769252777, 0.07474308460950851, 0.07475098967552185, 0.07474670559167862, 0.07474333047866821, 0.0747457891702652, 0.07474531978368759, 0.0747465044260025, 0.07474599033594131, 0.07474534958600998, 0.07475029677152634, 0.07474523037672043, 0.07474231719970703, 0.07474495470523834, 0.07474657148122787, 0.0747424066066742]}