{"accuracy": [0.7378504276275635, 0.8474943041801453, 0.8681675791740417, 0.8802900910377502, 0.8844030499458313, 0.8864595890045166, 0.8878666758537292, 0.8893819451332092, 0.8931702375411987, 0.8904643654823303, 0.8945773243904114, 0.8882995843887329, 0.8931702375411987, 0.8924126029014587, 0.8919796347618103, 0.8924126029014587, 0.890897274017334, 0.8927373290061951, 0.8944690823554993, 0.8914384841918945, 0.8960926532745361, 0.8951185345649719, 0.8895984292030334, 0.8929537534713745, 0.8939279317855835, 0.8920878767967224, 0.8939279317855835, 0.8929537534713745, 0.8929537534713745, 0.8936032056808472, 0.8927373290061951, 0.8916549682617188], "loss": [0.5177063941955566, 0.3711637556552887, 0.33078235387802124, 0.31259381771087646, 0.30486899614334106, 0.2995089292526245, 0.29584527015686035, 0.2943117618560791, 0.2906039357185364, 0.2943348288536072, 0.2897769510746002, 0.2944488823413849, 0.2895297706127167, 0.288968026638031, 0.2899789810180664, 0.28907445073127747, 0.2926449477672577, 0.28863397240638733, 0.28870195150375366, 0.28870800137519836, 0.2839053273200989, 0.28794729709625244, 0.2909713387489319, 0.287224680185318, 0.28363242745399475, 0.2848735451698303, 0.28748711943626404, 0.2887989580631256, 0.29048874974250793, 0.287906676530838, 0.2916661202907562, 0.2931160032749176], "val_accuracy": [0.8286755681037903, 0.8590522408485413, 0.8772782683372498, 0.883353590965271, 0.893074095249176, 0.8918590545654297, 0.8918590545654297, 0.8942891955375671, 0.893074095249176, 0.893074095249176, 0.893074095249176, 0.8942891955375671, 0.893074095249176, 0.893074095249176, 0.893074095249176, 0.893074095249176, 0.893074095249176, 0.893074095249176, 0.893074095249176, 0.893074095249176, 0.893074095249176, 0.893074095249176, 0.893074095249176, 0.893074095249176, 0.893074095249176, 0.893074095249176, 0.893074095249176, 0.893074095249176, 0.893074095249176, 0.893074095249176, 0.893074095249176, 0.893074095249176], "val_loss": [0.39975228905677795, 0.350899875164032, 0.329045832157135, 0.31489717960357666, 0.30875876545906067, 0.3023492991924286, 0.30167296528816223, 0.2995723485946655, 0.3002516031265259, 0.29987046122550964, 0.2994251549243927, 0.2992955148220062, 0.299434632062912, 0.2993677854537964, 0.2993928790092468, 0.2993791699409485, 0.2993706464767456, 0.2993619441986084, 0.29936549067497253, 0.2993682026863098, 0.2993658483028412, 0.2993660271167755, 0.29936468601226807, 0.29936426877975464, 0.2993641197681427, 0.29936403036117554, 0.29936403036117554, 0.2993641197681427, 0.2993641197681427, 0.2993641197681427, 0.2993641197681427, 0.2993640899658203]}